id;custom_fields;default_payment_method;footer;rendering_options
1;Ouzbékistan b;array Barbados programming;Buckinghamshire Avon experiences;application Assistant infomediaries
2;intermediate c;parsing;SAS;COM b
3;Account Phased azure;SSL;transitional auxiliary;SQL b
4;24/7;Granite Soft;Macédoine up Industrial;primary
5;Salad;transmitter target c;pink;viral
6;Cambridgeshire turquoise;Assistant;Zimbabwe c;Île-de-France a
7;Hat Towels b;Loan;ROI Cotton innovate;system Account
8;a monitor;Montorgueil a;Wooden matrix;Handmade b c
9;Baby Proactive;Investment b b;Chips;Ouganda
10;front-end withdrawal;payment middleware;Enhanced Basse-Normandie bypass;Berkshire base
