id;title;link_to_photo_file;description;author;owner;height;width;taken;uploaded
1;ADP Botswana Directeur;wireless 9(E.U.A.-9);Frozen Ergonomic Avon;deposit Madagascar Rustic;Saint-Bernard compress;57552;62683;2023-10-23T14:32:06;2023-10-24T08:22:02
2;l'Odéon alarm seize;Frozen clear-thinking a;Franc b;digital challenge;Games eco-centric;46326;31435;2023-10-23T18:36:17;2023-10-23T17:41:55
3;Market;Plastic bottom-line;Rhône-Alpes Plastic programming;COM green;navigate;34557;19736;2023-10-23T23:34:19;2023-10-23T21:44:21
4;Shoes;action-items Armenian;b;Versatile;Shirt dynamic;5420;82124;2023-10-24T02:19:07;2023-10-23T10:42:22
5;bandwidth-monitored;Practical;c Steel;Re-contextualized innovate invoice;Realigned Bedfordshire program;37033;5837;2023-10-23T16:44:17;2023-10-24T06:38:31
6;structure;Industrial;connect Buckinghamshire;c;Libye open-source Argentine;19519;6197;2023-10-23T20:32:38;2023-10-24T07:03:04
7;Buckinghamshire override Auto;Coordinateur primary quantify;PNG Madagascar;back Investment Soap;program a Kids;61813;24240;2023-10-23T21:11:11;2023-10-23T19:56:47
8;blue;Account Cotton;payment b supply-chains;granular motivating Wooden;Buckinghamshire;48145;75987;2023-10-23T21:11:15;2023-10-23T13:37:10
9;deposit;Rubber;pixel deposit Azerbaijanian;interface;Car;52937;59370;2023-10-23T14:16:38;2023-10-24T05:05:43
10;Electronics systemic;quantifying b;matrix;payment;integrate;66021;24812;2023-10-24T09:02:37;2023-10-23T13:56:17
